사업장명,주소,전화번호,위치정보(X),위치정보(Y)
하이5이브,서울특별시 영등포구 여의도동 8번지 ,,194130.2127,447430.465
스타빅,서울특별시 영등포구 여의도동 8번지 여의도한강공원 물빛광장(92버7441) ,,194130.2127,447430.465
냠냠쩝쩝,강원도 평창군 대관령면 134-1번지 대관령눈꽃축제장 ,,351050.748,467410.0112
닥가게(80로4845),서울특별시 마포구 성산동 390-1번지 ,,190980.1338,451531.5905
슈퍼스트라이크,,,194065.635,447512.3389
국가대표 트럭,서울특별시 성동구 사근동 110번지 ,,204410.3731,451211.864
착햄,서울특별시 영등포구 여의도동 86-7번지 여의도한강공원민속놀이마당(83모7926) ,,194794.057,446552.6331
냠냠떡볶이,서울특별시 서초구 양재동 316-10번지 양재시민의숲 3번출구 앞 ,,203431.1586,440832.3168
팬더그릴(Pan the grill),서울특별시 영등포구 여의도동 8번지 물빛광장(89모1083) ,,194130.2127,447430.465
까리한청년들,서울특별시 영등포구 여의도동 8번지 물빛광장(85머5112) ,,194130.2127,447430.465
오빠트럭,서울특별시 영등포구 여의도동 8번지 물빛광장80다9996 ,,194130.2127,447430.465
톡투미다밥협동조합,서울특별시 영등포구 여의도동 8번지 물빛광장94보4365 ,070-7784-7579,194130.2127,447430.465
러브디아,서울특별시 영등포구 여의도동 8번지 물빛광장86모8836 ,,194130.2127,447430.465
욜로(YOLO),서울특별시 영등포구 여의도동 8번지 물빛광장(경기86거3455) ,,194130.2127,447430.465
멕시드라이버,서울특별시 영등포구 여의도동 8번지 물빛광장80우6569 ,,194130.2127,447430.465
더트럭오브서프독,서울특별시 영등포구 여의도동 8번지 여의도한강공원 물빛광장(80거1831) ,,194130.2127,447430.465
판타스테이크,서울특별시 영등포구 여의도동 8번지 여의도한강공원 물빛광장(86버7752) ,,194130.2127,447430.465
안다미로,서울특별시 영등포구 여의도동 8번지 여의도한강공원 물빛광장(81마1559) ,,194130.2127,447430.465
무빙키친,서울특별시 영등포구 여의도동 8번지 물빛광장87오8974 ,,194130.2127,447430.465
업스키친,서울특별시 영등포구 여의도동 8번지 여의도한강공원 물빛광장(89구4348) ,,194130.2127,447430.465
춘천가는기차,서울특별시 영등포구 여의도동 8번지 물빛공원91주1390 ,,194130.2127,447430.465
키다리푸드트럭,서울특별시 영등포구 여의도동 8번지 ,,194130.2127,447430.465
불빠닭,서울특별시 영등포구 여의도동 8번지 물빛광장91노3305 ,02-1800-7981,194130.2127,447430.465
트럭에이(TRUCK A),서울특별시 영등포구 여의도동 8번지 물빛광장 80더8431 ,,194130.2127,447430.465
츄러스홀릭,서울특별시 영등포구 여의도동 8번지 여의도한강공원 물빛광장(91도 4343) ,,194130.2127,447430.465
알키미아,서울특별시 종로구 서린동 55-2번지 청계천로 보행전용거리 ,,198266.9021,451873.7377
랜드마크 (LANDMARK),서울특별시 종로구 서린동 55-2번지 청계천로보행자전용거리 ,,198266.9021,451873.7377
스테이킹,서울특별시 종로구 서린동 55-2번지 청계천로 보행전용거리 ,,198266.9021,451873.7377
고릴라바베큐,서울특별시 종로구 서린동 43-3번지 청계천로 보행전용거리 ,,198332.8847,451862.2444
Bro,서울특별시 종로구 서린동 43-3번지 청계천로 보행전용거리 ,,198332.8847,451862.2444
허클베리핀,서울특별시 종로구 서린동 43-3번지 청계천로 보행전용거리 ,,198332.8847,451862.2444
고메트럭,서울특별시 영등포구 여의도동 8번지 물빛광장(99더1881) ,,194130.2127,447430.465
세자매푸드트레일러,서울특별시 영등포구 여의도동 8번지 물빛광장(84어0527) ,,194130.2127,447430.465
그릴마스터,서울특별시 영등포구 여의도동 8번지 여의도한강공원 물빛광장 ,,194130.2127,447430.465
멜츠비(MELTSBY),서울특별시 영등포구 여의도동 8번지 여의도한강공원 물빛광장(87무7813) ,,194130.2127,447430.465
문어빵제작소,서울특별시 영등포구 여의도동 8번지 여의도한강공원 물빛광장(81다8757) ,,194130.2127,447430.465
타코야끼,서울특별시 금천구 가산동 707번지 안양천어린이물놀이장 ,,189790.6251,440367.5131
오마이팟,서울특별시 금천구 가산동 707번지 안양천어린이물놀이장 ,02-2675-3842,189790.6251,440367.5131
아빠스,서울특별시 서초구 반포동 115-5번지 반포한강공원 ,,199357.3203,445358.0705
제이스푸드,서울특별시 금천구 가산동 707번지 안양천어린이물놀이장 ,,189790.6251,440367.5131
나이스츄미츄,서울특별시 금천구 가산동 707번지 안양천어린이물놀이장 ,,189790.6251,440367.5131
앤디캔디솜사탕,"서울특별시 서초구 서초동 1318-8번지 강남역 9번, 10번 출구 외 2개소 ",,202373.6086,444312.0864
오빠손맛,서울특별시 영등포구 여의도동 8번지 여의도 한강공원 물빛광장(84어2977) ,,194130.2127,447430.465
꼬닐스핫도그,"서울특별시 서초구 서초동 1318-11번지 강남역 9,10번 출구 ",,202324.7131,443985.0949
푸렌즈푸드,서울특별시 영등포구 여의도동 8번지 여의도한강공원 물빛광장(87무8592) ,,194130.2127,447430.465
셰프스토리,서울특별시 영등포구 여의도동 8번지 여의도한강공원 물빛광장(81저8320) ,,194130.2127,447430.465
올리베떼카페,서울특별시 영등포구 여의도동 8번지 여의도한강공원 물빛광장(87수2099) ,,194130.2127,447430.465
올리베떼그릴,서울특별시 영등포구 여의도동 8번지 여의도 한강공원 물빛광장(86버9909) ,,194130.2127,447430.465
왕의 꼬치,"서울특별시 서초구 서초동 1318-11번지 강남역 9,10번 출구 ",,202324.7131,443985.0949
그릴룸,서울특별시 영등포구 여의도동 8번지 여의도한강공원 물빛광장(89주7998) ,,194130.2127,447430.465
마피아츄러스,서울특별시 양천구 목동 914번지 목동야구장 앞 주차장 ,,189660.5929,447921.3792
포크블랙,서울특별시 마포구 상암동 487-116번지 난지안내센터앞 잔디마당 ,,189884.6272,451498.8406
정가네,서울특별시 서초구 우면동 143번지 양재천 무지개다리인근 ,,202569.3723,440714.6085
얼라이브,서울특별시 중구 을지로7가 2-1번지 ,,201010.2625,451995.1631
먹구가자,서울특별시 서초구 반포동 123번지 성모병원 앞 ,,200389.4358,444438.4663
원더트럭,서울특별시 중구 무교동 45번지 서울시청삼거리~모전교 제3회서울김장문화제 ,,198122.002,452035.3857
오!맛난집,"서울특별시 서초구 서초동 1318-8번지 강남역 9번,10번출구, 서초초등학교 앞, 지오다노 앞 ",,202373.6086,444312.0864
신가네,서울특별시 중구 필동2가 84-1번지 남산한옥마을 전통공원 내 임대자가 지정한 위치 ,,199549.501,451119.8286
달달한형제들,서울특별시 강남구 삼성동 159번지 ,,205230.342,445818.0717
오빠손맛,서울특별시 강남구 삼성동 159번지 ,,205230.342,445818.0717
일호만두,서울특별시 강남구 삼성동 159번지 ,,205230.342,445818.0717
사쿠라데쓰,서울특별시 종로구 서린동 43-3번지 청계천로보행전용거리 ,,198332.8847,451862.2444
티키타코,서울특별시 종로구 서린동 43-3번지 청계천로보행전용거리 ,,198332.8847,451862.2444
츄앤츄(푸드트럭),서울특별시 송파구 신천동 32번지 ,,209174.1108,445816.7874
알피(ALPI),서울특별시 중구 을지로7가 2-1번지 DDP 팔거리광장 ,,201010.2625,451995.1631
서울맛차2,서울특별시 중구 을지로7가 21-1번지 DDP팔거리광장 ,,201010.2625,451995.1631
서울맛차1,서울특별시 중구 을지로7가 2-1번지 DDP 팔거리광장 ,,201010.2625,451995.1631
푸디어올치,서울특별시 중구 을지로7가 2-1번지 DDP 팔거리광장 ,,201010.2625,451995.1631
두놈,서울특별시 중구 을지로7가 2-1번지 DDP 팔거리광장 ,,201010.2625,451995.1631
LED꿈꾸는솜사탕,서울특별시 중구 을지로7가 2-1번지 DDP 팔거리광장 ,,201010.2625,451995.1631
타이완 큐브스테이크,서울특별시 중구 을지로7가 2-1번지 DDP 팔거리광장 ,,201010.2625,451995.1631
한입만 푸드트럭,서울특별시 송파구 잠실동 10-1번지 ,,206769.6608,446304.7841
셰프리푸드트럭,서울특별시 송파구 방이동 88번지 ,,211493.6425,447159.3182
리틀하바나,서울특별시 영등포구 여의도동 8번지 여의도한강공원 물빛광장(83나8061) ,,194130.2127,447430.465
핑크피그,서울특별시 영등포구 여의도동 8번지 여의도한강공원 물빛광장(86소5488) ,,194130.2127,447430.465
구레잇!(9reat!),서울특별시 영등포구 여의도동 8번지 여의도한강공원 물빛광장(91어7240) ,,194130.2127,447430.465
티키타코,서울특별시 영등포구 여의도동 86-7번지 여의도한강공원 민속놀이마당 일원 ,,194794.057,446552.6331
누나네곱창,서울특별시 중구 을지로7가 2-1번지 DDP 팔거리광장 ,,201010.2625,451995.1631
베스트 푸드,서울특별시 서초구 양재동 12-9번지 양재역 5번출구 앞 ,,203035.1328,442466.3876
한입야끼,서울특별시 중구 태평로1가 31번지 ,,198089.5898,451906.659
슈퍼스트림,서울특별시 중구 을지로7가 2-1번지 DDP 팔거리광장 ,,201010.2625,451995.1631
왓쌈,서울특별시 중구 을지로7가 2-1번지 DDP 팔거리광장 ,,201010.2625,451995.1631
MEX-TAKE,서울특별시 중구 을지로7가 2-1번지 DDP 팔거리광장 ,,201010.2625,451995.1631
우주전복,서울특별시 중구 을지로7가 2-1번지 DDP 팔거리 광장 ,,201010.2625,451995.1631
꺼야꺼야,서울특별시 중구 을지로7가 2-1번지 DDP팔거리광장 ,,201010.2625,451995.1631
Pantai Warung,서울특별시 중구 을지로7가 2-1번지 DDP 팔거리광장 ,,201010.2625,451995.1631
쉬림프랩,서울특별시 중구 을지로7가 2-1번지 DDP 8거리광장 ,,201010.2625,451995.1631
로드 난 케밥(road naan kebab),서울특별시 중구 을지로7가 2-1번지 DDP 팔거리광장 ,,201010.2625,451995.1631
타코야King,서울특별시 중구 을지로7가 2-1번지 DDP 8거리광장 ,,201010.2625,451995.1631
호브로,서울특별시 중구 을지로7가 2-1번지 DDP팔거리광장 ,,201010.2625,451995.1631
칼로리밤(CALORIE BOMB),서울특별시 중구 을지로7가 2-1번지 DDP 팔거리광장 ,,201010.2625,451995.1631
Fantastic Milk,서울특별시 중구 을지로7가 2-1번지 DDP 8거리광장 ,,201010.2625,451995.1631
S.W.A.T,서울특별시 중구 을지로7가 2-1번지 DDP 8거리광장 ,,201010.2625,451995.1631
더랍스터하버,서울특별시 중구 을지로7가 2-1번지 DDP팔거리광장 ,,201010.2625,451995.1631
오빠네(Op pane),서울특별시 중구 을지로7가 2-1번지 DDP 팔거리광장 ,,201010.2625,451995.1631
불스테이크,서울특별시 중구 을지로7가 2-1번지 DDP 팔거리광장 ,,201010.2625,451995.1631
Jerk truck,서울특별시 중구 을지로7가 2-1번지 DDP 8거리광장 ,,201010.2625,451995.1631
찰지네떡,서울특별시 중구 을지로7가 2-1번지 DDP팔거리광장 ,,201010.2625,451995.1631
두남자핫도그,서울특별시 중구 을지로7가 2-1번지 DDP팔거리광장 ,,201010.2625,451995.1631
노꼬규카츠,서울특별시 중구 을지로7가 2-1번지 DDP 팔거리광장 ,,201010.2625,451995.1631
니드커뮤니케이션즈,서울특별시 중구 을지로7가 112-4번지 DDP 팔거리광장 ,,201010.2625,451995.1631
대만 망고빙수,서울특별시 중구 을지로7가 112-4번지 DDP 팔거리광장 ,,201010.2625,451995.1631
킹콩디저트,서울특별시 종로구 서린동 43-3번지 청계천로 보행전용거리(무교동사거리~광교사거리) ,,198332.8847,451862.2444
하나타코(HANA TAKO),서울특별시 종로구 서린동 43-3번지 청계천로 보행전용거리 ,,198157.1703,452216.7702
오프로,서울특별시 종로구 서린동 43-3번지 ,,198332.8847,451862.2444
새우고 먹는 i,서울특별시 종로구 세종로 1-68번지 ,,197949.4258,452453.6342
베리카인드,서울특별시 종로구 서린동 43-4번지 청계천로 보행전용거리 ,,,
헌터스 위크,서울특별시 종로구 세종로 1-68번지 ,,197949.4258,452453.6342
메코메코(MecoMeco),서울특별시 종로구 서린동 43-3번지 청계천로 보행전용도로 ,,198332.8847,451862.2444
더블랙,서울특별시 종로구 서린동 43-3번지 청계천로 보행전용도로 ,,198332.8847,451862.2444
프랭크식탁,서울특별시 서초구 반포동 115-5번지 반포한강공원 ,,199357.3203,445358.0705
크레페 홍 아저씨,서울특별시 서초구 반포동 115-5번지 반포한강공원 ,,199357.3203,445358.0705
Japanese 붴(제페니즈붴),서울특별시 서초구 반포동 115-5번지 반포한강공원 ,,199357.3203,445358.0705
호돌이,서울특별시 서초구 서초동 1366-4번지 양재역1번출구앞 ,,202914.0458,442816.7575
그랩고,서울특별시 서초구 반포동 115-5번지 반포한강공원 ,,199357.3203,445358.0705
오아시스 모바일키친1,서울특별시 중구 장충동2가 산 5-5번지 반얀트리호텔 오아시스 ,02-2250-8080,200203.9716,450131.4997
오아시스 모바일키친2,서울특별시 중구 장충동2가 201번지 반얀트리호텔 수영장 오아시스 ,02-2250-8045,200203.9716,450131.4997
오아시스 모바일키친3,서울특별시 중구 장충동2가 201번지 반얀트리호텔 수영장 오아시스 ,02-2250-8045,200203.9716,450131.4997
슈퍼박스,서울특별시 광진구 군자동 98번지 1층 ,,206714.2512,450416.5682
웃음꼬치피는 트럭,서울특별시 강서구 개화동 31-2번지 경인아라뱃길 판개목 ,,182289.8356,455223.8565
카페리빈,서울특별시 서초구 서초동 700번지 예술의전당 계단광장 ,,201257.3389,442311.1285
GK골든키즈,서울특별시 영등포구 여의도동 8번지 여의도한강공원(91오7956) ,,194130.2127,447430.465
장사장먹방트럭,서울특별시 양천구 목동 914번지 목동야구장 앞 주차장 ,,189660.5929,447921.3792
라임나우,서울특별시 종로구 서린동 43-3번지 청계천로 보행전용거리(광교사거리~무교동사거리) ,,198332.8847,451862.2444
미스터블랙,서울특별시 금천구 시흥동 883-11번지 대명시장 여울빛거리 일대 거리 ,,191203.2461,439087.6406
퍼펙트아이스,서울특별시 강남구 삼성동 159번지 ,,205230.342,445818.0717
주식회사 스테이크아웃,서울특별시 강남구 삼성동 159번지 ,031-751-8311,205230.342,445818.0717
황금장,서울특별시 영등포구 여의도동 86-7번지 여의도한강공원 민속놀이마당 일원 ,,194794.057,446552.6331
도심형팜파티협동조합,서울특별시 영등포구 여의도동 86-7번지 여의도 한강공원 민속놀이마당 일원 ,,194794.057,446552.6331
삼천포사나이,서울특별시 영등포구 여의도동 8번지 여의도한강공원 물빛광장(95마8992) ,,194130.2127,447430.465
오픈더키친,서울특별시 영등포구 여의도동 8번지 여의도한강공원 물빛광장(86더9757) ,,194130.2127,447430.465
야끼트럭,서울특별시 영등포구 여의도동 8번지 여의도한강공원 물빛광장(90저2804) ,,194130.2127,447430.465
세모청카페,서울특별시 영등포구 여의도동 8번지 여의도한강공원 물빛광장(87부5266) ,,194130.2127,447430.465
미스꼬레아,서울특별시 영등포구 여의도동 8번지 여의도한강공원 물빛광장(89서6175) ,,194130.2127,447430.465
나초킹,서울특별시 영등포구 여의도동 8번지 여의도한강공원 물빛광장(80모5655) ,,194130.2127,447430.465
고피자(GO PIZZA),서울특별시 영등포구 여의도동 8번지 여의도한강공원 물빛광장(80다8372) ,02-1800-8972,194130.2127,447430.465
빜아일랜드,서울특별시 영등포구 여의도동 8번지 여의도한강공원 물빛광장(89주8460) ,,194130.2127,447430.465
제이프레쉬(J.FRESH),서울특별시 영등포구 여의도동 8번지 여의도한강공원 물빛광장(84소9721) ,,194130.2127,447430.465
엘비아헤(EL VIAJE),서울특별시 영등포구 여의도동 8번지 여의도한강공원 물빛광장(82누2790) ,,194130.2127,447430.465
할배츄러스,서울특별시 영등포구 여의도동 8번지 여의도한강공원 물빛광장(82로4720) ,,194130.2127,447430.465
치미추리,서울특별시 영등포구 여의도동 8번지 여의도한강공원 물빛광장(80도9153) ,,194130.2127,447430.465
삐삣버거,서울특별시 영등포구 여의도동 8번지 여의도한강공원 물빛광장(95무3102) ,,194130.2127,447430.465
알로하피자,서울특별시 영등포구 여의도동 8번지 여의도한강공원 물빛광장(80두4022) ,,194130.2127,447430.465
타이로드,서울특별시 영등포구 여의도동 8번지 여의도한강공원 물빛광장(97소4382) ,,194130.2127,447430.465
쎄라비카페,서울특별시 영등포구 여의도동 8번지 여의도한강공원 물빛광장(99다1938) ,,194130.2127,447430.465
셰프리(CHEF LEE),서울특별시 영등포구 여의도동 8번지 여의도한강공원 물빛광장(99더1885) ,,194130.2127,447430.465
매드브라더스,서울특별시 양천구 목동 914번지 목동야구장 앞 주차장 ,,189660.5929,447921.3792
소바트럭,서울특별시 중구 을지로7가 2-1번지 1층 ,,201010.2625,451995.1631
로컬드로잉,서울특별시 중구 을지로7가 2-1번지 1층 ,,201010.2625,451995.1631
CURVE(커브),서울특별시 중구 서소문동 37번지 서울시청 서소문청사 후생동앞 주차구역내 지정 위치 ,,197877.7607,451673.487
더티댄싱,서울특별시 중구 을지로7가 2-1번지 1층 ,,201010.2625,451995.1631
시카고문스,서울특별시 중구 을지로7가 2-1번지 1층 ,,201010.2625,451995.1631
그래머시 키친,서울특별시 서초구 반포동 115-5번지 달빛광장 앞 ,,199357.3203,445358.0705
헝그리베어,서울특별시 송파구 잠실동 10번지 ,,206769.6608,446304.7841
피턴하우스,서울특별시 은평구 녹번동 5-29번지 서울혁신파크 야외광장(84루4051) ,,194290.1028,456660.6503
에그,서울특별시 은평구 녹번동 5-29번지 서울혁신파크 야외광장 ,02-552-9799,194290.1028,456660.6503
갈현떡볶이,서울특별시 은평구 녹번동 5-29번지 서울혁신파크 야외광장 ,,194290.1028,456660.6503
뚜레쥬르,서울특별시 영등포구 여의도동 8번지 87조2992 ,02-1577-0700,194130.2127,447430.465
홍콩익스프레스,서울특별시 은평구 녹번동 5-29번지 서울혁신파크(차량 85서8797) ,,194290.1028,456660.6503
니키스,서울특별시 동작구 상도동 511번지 ,,196529.4137,444264.8599
마녀 떡볶이,"서울특별시 서초구 서초동 1318-11번지 강남역 9,10번 출구 ",,202324.7131,443985.0949
맛있다 병팔이네,"서울특별시 서초구 서초동 1318-8번지 강남역 9번,10 출구앞 ",,202373.6086,444312.0864
디디아시안키친,서울특별시 영등포구 여의도동 8번지 물빛광장 2017년 서울밤도깨비야시장(81로6993) ,,194130.2127,447430.465
풀잎채,서울특별시 서초구 잠원동 69-2번지 반포쇼핑타운 앞 ,,200430.4506,445230.5851
푸드캠프,서울특별시 서초구 반포동 115-5번지 반포한강공원 내 ,,199357.3203,445358.0705
Gold Steak & Shrimp(골드 스테이크 & 쉬림프),서울특별시 서초구 반포동 115-5번지 반포한강공원 ,,199357.3203,445358.0705
테이스틸러,서울특별시 서초구 반포동 115-5번지 반포한강공원 ,,199357.3203,445358.0705
푸드캠핑,서울특별시 서초구 반포동 115-5번지 반포한강공원 ,,199357.3203,445358.0705
에어스트림 키친,서울특별시 서초구 반포동 115-5번지 ,,199357.3203,445358.0705
쌀만난 핫도그,서울특별시 서초구 반포동 115-5번지 반포한강공원 ,,199357.3203,445358.0705
강남날라리,서울특별시 서초구 반포동 115-5번지 반포한강공원 ,,199357.3203,445358.0705
콘사포스(Con Safos),서울특별시 서초구 반포동 115-5번지 반포한강공원 ,,199357.3203,445358.0705
두남자의 69' STEAK,서울특별시 서초구 반포동 115-5번지 ,,199357.3203,445358.0705
부부닭,서울특별시 서초구 반포동 115-5번지 반포한강공원 ,,199357.3203,445358.0705
라오스라오,서울특별시 중구 을지로7가 2-1번지 DDP 팔거리광장 ,,201010.2625,451995.1631
트랜드 치킨 스테이크,서울특별시 금천구 가산동 717번지 독산역2번출구 앞 광장 ,,190225.8335,440734.896
셰프리 푸드트럭,서울특별시 강남구 삼성동 159번지 코엑스 ,,205230.342,445818.0717
푸드트럭팩토리(동탄점),서울특별시 영등포구 여의도동 86-7번지 여의도한강공원 민속놀이마당 ,,194794.057,446552.6331
푸드트럭팩토리(수원2호점),서울특별시 영등포구 여의도동 86-7번지 여의도한강공원 민속놀이마당 ,,194794.057,446552.6331
I LOVE FRY,,033-441-1991,194065.635,447512.3389
DALSOM,,,194065.635,447512.3389
카페시율,,,194065.635,447512.3389
사와트럭,,,194065.635,447512.3389
우마이트럭,서울특별시 영등포구 여의도동 8번지 여의도한강공원 물빛광장(87더9468) ,,194130.2127,447430.465
필리앤윙스,,,194065.635,447512.3389
WILD FIRE,,,194065.635,447512.3389
타이타이푸드트럭,,,194065.635,447512.3389
하하푸드트럭,서울특별시 서초구 반포동 115-5번지 ,,199357.3203,445358.0705
푸드탱크,서울특별시 서초구 반포동 115-5번지 달빛광장 ,,199357.3203,445358.0705
We Cook(위쿡),서울특별시 서초구 반포동 115-5번지 ,,199357.3203,445358.0705
味in미인초밥,서울특별시 서초구 반포동 115-5번지 ,,199357.3203,445358.0705
더맨꼬치,서울특별시 서초구 반포동 115-5번지 ,,199357.3203,445358.0705
시장주스,서울특별시 서초구 반포동 115-5번지 달빛광장 ,,199357.3203,445358.0705
쁘띠스낵바,서울특별시 양천구 목동 914번지 목동야구장 앞 주차장 ,,189660.5929,447921.3792
청춘꼬치,서울특별시 양천구 목동 914번지 목동야구장 앞 주차장 ,,189660.5929,447921.3792
카페원더,서울특별시 양천구 목동 914번지 목동야구장 앞 주차장 ,,189660.5929,447921.3792
휴하우스,서울특별시 양천구 목동 914번지 목동야구장 앞 주차장 ,,189660.5929,447921.3792
오빠트럭,서울특별시 양천구 목동 914번지 목동야구장 앞 주차장 ,,189660.5929,447921.3792
츄로맨스,서울특별시 양천구 목동 914번지 목동야구장 앞 주차장 ,,189660.5929,447921.3792
후니형,서울특별시 양천구 목동 914번지 목동야구장 앞 주차장 ,,189660.5929,447921.3792
프라이스택(Price-tag),서울특별시 양천구 목동 914번지 목동야구장 앞 주차장 ,,189660.5929,447921.3792
쿠킹릴라,서울특별시 양천구 목동 914번지 목동야구장 앞 주차장 ,,189660.5929,447921.3792
머스마둘,서울특별시 양천구 목동 914번지 목동야구장 앞 주차장 ,,189660.5929,447921.3792
쎈트럭,,,194065.635,447512.3389
휴하우스,,,194065.635,447512.3389
사랑애푸드카,,,194065.635,447512.3389
코코하우스(COCO HOUSE),서울특별시 영등포구 여의도동 844번지 여의도한강공원 이벤트광장 ,,194065.635,447512.3389
매직킹,,,194065.635,447512.3389
STEAK BOX,,,194065.635,447512.3389
청춘꼬치,서울특별시 영등포구 여의도동 8번지 여의도 한강공원 이벤트광장(2016 서울 크리스마스 마켓) ,,194130.2127,447430.465
치킨핏,,,194065.635,447512.3389
고기식당,,,194065.635,447512.3389
푸드트럭박선생,,,194065.635,447512.3389
익스트림커피,,,194065.635,447512.3389
찾아가는바베큐폭립,,,194065.635,447512.3389
오늘도달콤한여행중,,,194065.635,447512.3389
CAFE LA JOY,,,194065.635,447512.3389
피자카,,,194065.635,447512.3389
프랑스분식쉐니코,,,194065.635,447512.3389
앤디캔디솜사탕,,,194065.635,447512.3389
더그릴러즈,,,194065.635,447512.3389
더티댄싱,,,194065.635,447512.3389
사이언스푸드,,,194065.635,447512.3389
서울트럭,,,194065.635,447512.3389
스트릿스테이크,,,194065.635,447512.3389
시카고문스,,,194065.635,447512.3389
얼라이브(ALIVE),,,194065.635,447512.3389
키친박스,서울특별시 영등포구 여의도동 8번지 물빛광장 97더5269 ,,194130.2127,447430.465
청년컵밥,,,194065.635,447512.3389
온더웨이,,,194065.635,447512.3389
비따비,,,194065.635,447512.3389
푸드트럭 팩토리,서울특별시 서초구 서초동 700번지 예술의전당 계단 광장 ,,201257.3389,442311.1285
건강이네,서울특별시 서초구 양재동 12-9번지 앞 양재역 5번 출구 뒤 ,,203035.1328,442466.3876
로라 house(푸드트럭),서울특별시 송파구 장지동 600-2번지 1층 ,,211232.3904,440878.0587
서초강산,"서울특별시 서초구 서초동 1318-8번지 강남역 9번,10번 출구외2개소 ",,202305.7023,444007.8968
니나노 분식,서울특별시 서초구 방배동 493-3번지 하천 ,,198388.7616,441766.728
현주네,서울특별시 서초구 서초동 1318-8번지 강남역 9번 10번출구 외 2개소 ,,202373.6086,444312.0864
화덕1번가,서울특별시 강남구 삼성동 159번지 ,041-561-2249,205230.342,445818.0717
엄지네,서울특별시 마포구 성산동 661번지 ,,190726.8216,452316.9264
엽기터키,서울특별시 마포구 성산동 661번지 ,,190726.8216,452316.9264
분홍부엌(Pink Kitchen),서울특별시 마포구 성산동 661번지 ,,190726.8216,452316.9264
쇼쿠지,서울특별시 중구 을지로7가 2-1번지 DDP 팔거리광장 ,,201010.2625,451995.1631
소RIM사,서울특별시 영등포구 여의도동 8번지 서울밤도깨비야시장 여의도 한강공원 물빛광장 ,,194130.2127,447430.465
쉬림프킹,서울특별시 영등포구 여의도동 8번지 서울밤도깨비야시장 여의도 한강공원 물빛광장 ,,194130.2127,447430.465
미디움레어플리즈,서울특별시 영등포구 여의도동 8번지 서울밤도깨비야시장 여의도 한강공원 물빛광장 ,,194130.2127,447430.465
꼬치에반하나,"서울특별시 영등포구 여의도동 8번지 서울밤도깨비야시장 여의도 한강공원 물빛광장
(86거8506) ",,194130.2127,447430.465
영등포시니어클럽(꽃할매네푸드트럭),서울특별시 영등포구 신길동 426-3번지 영등포제1스포츠센터 ,,191715.0648,444568.405
오사카멘치,서울특별시 영등포구 여의도동 8번지 서울밤도깨비야시장 여의도 한강공원 물빛광장(80다8529) ,,194130.2127,447430.465
불꽃튀김,서울특별시 영등포구 여의도동 8번지 서울밤도깨비야시장 여의도 한강공원 물빛광장(81다6029) ,,194130.2127,447430.465
킹콩디저트,서울특별시 영등포구 여의도동 8번지 서울밤도깨비야시장 여의도 한강공원 물빛광장 ,,194130.2127,447430.465
청춘꼬치,서울특별시 종로구 종로3가 143-1번지 ,,199495.757,451994.7384
더키친소울,서울특별시 중구 을지로7가 2-1번지 DDP 팔거리광장 일대 ,,201010.2625,451995.1631
치봉(Cheebon),서울특별시 중구 을지로7가 2-1번지 DDP 팔거리광장 ,,201010.2625,451995.1631
야미(YUMMY),서울특별시 중구 을지로7가 2-1번지 DDP 팔거리광장 ,,201010.2625,451995.1631
치킨공장,서울특별시 중구 다동 13번지 청계천로 보행자 전용거리(광통교 일대) ,,198333.0286,451838.5472
맘스테이크,서울특별시 중구 을지로7가 2-1번지 DDP 팔거리광장 ,,201010.2625,451995.1631
엉클잭(Uncle Jack),서울특별시 마포구 성산동 661번지 ,,190726.8216,452316.9264
깨소금왕족발,서울특별시 마포구 성산동 661번지 ,,190726.8216,452316.9264
루쏘팩토리,서울특별시 중랑구 면목동 1031-22번지 면목동 겸재 작은도서관 중랑천 산책로 행사장 부근 ,032-684-8016,206505.1821,453769.1954
(주)루쏘팩토리,서울특별시 중랑구 면목동 1031-22번지 겸재 작은도서관 중랑천 산책로 행사장 부근(중랑천 체육둔치) ,032-684-8016,206505.1821,453769.1954
카페체리블라썸,서울특별시 영등포구 여의도동 8번지 라이프플러스 벚꽃피크닉페스티벌 여의도한강공원 일대 ,,194130.2127,447430.465
서대문지역자활센터(80거6381),서울특별시 서대문구 연희동 188-47번지 자활사업단 ,02-324-1027,193488.7172,452561.7999
꽃보다,서울특별시 관악구 봉천동 225번지 관악구민종합체육센터 ,,196489.6238,441515.6808
퍼펙트아이스,서울특별시 강남구 삼성동 159번지 코엑스 ,02-1522-0761,205230.342,445818.0717
달콤카페,서울특별시 영등포구 여의도동 8번지 서울밤도깨비야시장 여의도 한강공원 물빛광장 ,,194130.2127,447430.465
튀김공방,서울특별시 마포구 성산동 661번지 ,,190726.8216,452316.9264
하밤(Ha Bam),서울특별시 마포구 성산동 661번지 ,,190726.8216,452316.9264
세민이네고깃집,서울특별시 마포구 성산동 661번지 ,,190726.8216,452316.9264
(주)스테이크아웃,서울특별시 영등포구 여의도동 8번지 여의도한강공원 물빛광장(92모6256) ,,194130.2127,447430.465
듀피에(딸바보트럭),서울특별시 영등포구 여의도동 8번지 여의도 한강공원 물빛광장(84부4078) ,,194130.2127,447430.465
푸드트럭:청년반점,서울특별시 영등포구 여의도동 8번지 여의도한강공원 물빛광장(86다6195) ,,194130.2127,447430.465
LFT(라오푸드트럭),서울특별시 영등포구 여의도동 8번지 여의도한강공원 물빛광장(88더4166) ,,194130.2127,447430.465
록키스핫도그,서울특별시 영등포구 여의도동 8번지 여의도한강공원 물빛광장(93보2908) ,,194130.2127,447430.465
에이비카페,서울특별시 영등포구 여의도동 8번지 물빛광장(89수3190) ,,194130.2127,447430.465
한끼트럭,서울특별시 영등포구 여의도동 8번지 여의도한강공원 물빛광장(88오9336) ,,194130.2127,447430.465
요리하는브라더,서울특별시 영등포구 여의도동 8번지 여의도한강공원 물빛광장(95누7271) ,,194130.2127,447430.465
미스터트럭,서울특별시 영등포구 여의도동 8번지 여의도한강공원 물빛광장(91모6374) ,,194130.2127,447430.465
퍼펙트아이스,서울특별시 영등포구 여의도동 8번지 여의도한강공원 물빛광장(98두1018) ,,194130.2127,447430.465
만남의 광장,"서울특별시 서초구 서초동 1318-11번지 강남역 9번, 10번 출구(지오다노 앞) ",,202324.7131,443985.0949
매실닭꽂이집,"서울특별시 서초구 서초동 1318-11번지 강남역9번,10번출구, 지오다노 앞 ",,202324.7131,443985.0949
강남타로.카페,"서울특별시 서초구 서초동 1318-11번지 강남역 9번,10번출구 ",,202324.7131,443985.0949
행복한 집,"서울특별시 서초구 서초동 1318-11번지 강남역 9,10번출구 외 2개소 ",,202324.7131,443985.0949
꼬치의왕자,서울특별시 영등포구 여의도동 8번지 여의도 한강공원(92도1917) ,,194130.2127,447430.465
아잉커피,"서울특별시 마포구 성산동 533-1번지 마포농수산물시장,마포구시설관리공단 ",,191031.1379,451745.2809
대한트럭,"서울특별시 중구 태평로1가 31번지 광화문광장, 서울광장 ",,198089.5898,451906.659
한옥푸드트럭,서울특별시 중구 필동2가 84-1번지 남산골한옥마을 ,,199549.501,451119.8286
더로드샌드위치,서울특별시 동작구 신대방동 395번지 보라매공원 ,,193243.3151,444024.8587
더키친소울,"서울특별시 마포구 성산동 533-1번지 마포농수산물시장,마포구시설관리공단 ",,191031.1379,451745.2809
대니대니(Danny Danny),서울특별시 종로구 서린동 93-2번지 청계천보행전용거리(무교동사거리~광통교사거리) ,,198196.0707,451877.6383
오렌지키친,서울특별시 종로구 서린동 93-2번지 청계천보행자전용거리(무교동사거리~광통교사거리) ,,198196.0707,451877.6383
한끼트럭,서울특별시 강남구 삼성동 159번지 코엑스 ,,205230.342,445818.0717
엠비셔스(AMBITIOUS),서울특별시 서초구 잠원동 122-1번지 한강공원달빛광장 ,,200081.0118,445654.3558
숲길여행,서울특별시 종로구 서린동 93-2번지 ,,198196.0707,451877.6383
월맹청년,서울특별시 마포구 성산동 533-1번지 마포농수산물시장 내 ,070-7535-7095,191031.1379,451745.2809
호관점,서울특별시 강남구 삼성동 159번지 코엑스 ,,205230.342,445818.0717
한양대학교협동조합하이쿱(HYCOOP)1,서울특별시 성동구 사근동 110번지 한양대학교 ,02-2220-2977,204410.3731,451211.864
한양대학교협동조합하이쿱(HYCOOP)2,서울특별시 성동구 사근동 110번지 한양대학교 ,02-2220-2977,204410.3731,451211.864
맛에반하다,서울특별시 강서구 화곡동 953-1번지 케이씨대학교 (지상 1층) 본관 앞 ,,187255.074,449962.3861
스테이큰,서울특별시 노원구 월계동 648번지 인덕대학교 ,,205021.1566,459256.8154
꽈배기팩토리,"서울특별시 노원구 월계동 648번지 인덕대학교,인덕공업고등학교 ",,205021.1566,459256.8154
월광,서울특별시 영등포구 여의도동 8번지 서울밤도깨비야시장 여의도 한강공원 물빛광장 ,,194130.2127,447430.465
미스꼬레아,서울특별시 영등포구 여의도동 8번지 서울밤도깨비야시장 여의도 한강공원 물빛광장 ,,194130.2127,447430.465
토리도리,서울특별시 영등포구 여의도동 8번지 서울밤도깨비야시장 여의도 한강공원 물빛광장 ,,194130.2127,447430.465
깡패팩토리&쇼타임,서울특별시 영등포구 여의도동 8번지 서울밤도깨비야시장 여의도 한강공원 물빛광장 ,,194130.2127,447430.465
샤우,서울특별시 영등포구 여의도동 8번지 서울밤도깨비야시장 여의도 한강공원 물빛광장(82어4800) ,,194130.2127,447430.465
판타이와롱,서울특별시 영등포구 여의도동 8번지 서울밤도깨비야시장 여의도 한강공원 물빛광장 ,,194130.2127,447430.465
아이피자유(IPIZZAU),서울특별시 영등포구 여의도동 8번지 서울밤도깨비야시장 여의도 한강공원 물빛광장 ,,194130.2127,447430.465
파라다이스커피,서울특별시 영등포구 여의도동 8번지 서울밤도깨비야시장 여의도 한강공원 물빛광장 ,,194130.2127,447430.465
피카소'스키친(picasso's kitchen),서울특별시 광진구 능동 18번지 어린이대공원 희망나루옆 ,,207872.0474,450340.0211
오롯한식당,서울특별시 영등포구 여의도동 8번지 서울밤도깨비야시장 여의도 한강공원 물빛광장 ,,194130.2127,447430.465
불고기파티,서울특별시 영등포구 여의도동 8번지 서울밤도깨비야시장 여의도 한강공원 물빛광장 ,,194130.2127,447430.465
드링크업,서울특별시 금천구 가산동 717번지 독산역2번출구 앞 광장 ,,190225.8335,440734.896
핸드메이드 아이스크림,서울특별시 서초구 잠원동 122-1번지 ,,200081.0118,445654.3558
라온쿡,서울특별시 서초구 잠원동 122-1번지 반포 한강공원 달빛광장 ,,200081.0118,445654.3558
삼박자,서울특별시 서초구 잠원동 122-1번지 달빛공원 ,,200081.0118,445654.3558
88푸드트럭,서울특별시 서초구 잠원동 122-1번지 달빛공원 ,,200081.0118,445654.3558
발닭발닭,서울특별시 서초구 잠원동 122-1번지 반포 한강공원 달빛광장 ,,200081.0118,445654.3558
그릴드 쿠반,서울특별시 서초구 반포동 122-1번지 ,,200893.7246,444545.3293
모히또앤카페,서울특별시 서초구 잠원동 122-1번지 ,,200081.0118,445654.3558
춘향전,서울특별시 서초구 잠원동 122-1번지 달빛공원 ,,200081.0118,445654.3558
카프리 푸드트럭,서울특별시 서초구 잠원동 122-1번지 달빛공원 ,,200081.0118,445654.3558
UMUgrillhouse,서울특별시 서초구 잠원동 122-1번지 달빛공원 ,,200081.0118,445654.3558
원모어타코,서울특별시 중구 을지로7가 2-1번지 DDP 팔거리광장 ,,201010.2625,451995.1631
아시안 트럭,서울특별시 중구 다동 13번지 청계천 보행자 전용거리(광통교 일대) ,,198333.0286,451838.5472
달밤,서울특별시 중구 다동 13번지 청계천로 보행자 전용거리(광통교 일대) ,,198333.0286,451838.5472
taek's,서울특별시 중구 을지로7가 2-1번지 DDP 팔거리광장 ,,201010.2625,451995.1631
쉬림플라워,서울특별시 중구 다동 13번지 청계천로 보행자 전용거리(광통교 일대) ,,198333.0286,451838.5472
슈니첼버거 스위스델리,서울특별시 중구 을지로7가 2-1번지 DDP 팔거리광장 ,,201010.2625,451995.1631
와플라스,서울특별시 중구 을지로7가 2-1번지 DDP 팔거리광장 ,,201010.2625,451995.1631
요세브라더스,서울특별시 중구 다동 13번지 청계천 보행자 전용거리(광통교 일대) ,,198333.0286,451838.5472
미트 플레이스,서울특별시 중구 을지로7가 2-1번지 DDP 팔거리광장 ,,201010.2625,451995.1631
푸디트럭,서울특별시 은평구 녹번동 153-31번지 은평평화공원앞 ,,193155.1668,455901.4356
레드마후라,서울특별시 마포구 성산동 661번지 ,,190726.8216,452316.9264
샹스마라탕,"서울특별시 영등포구 여의도동 8번지 여의도한강공원 이벤트광장 일대 
, 스트라스부르와 함께하는 2017 서울 크리스마스 마켓 ",,194130.2127,447430.465
허클베리핀,"서울특별시 영등포구 여의도동 8번지 여의도한강공원 이벤트광장 일대 
, 스트라스부르와 함께하는 2017 서울 크리스마스 마켓 ",,194130.2127,447430.465
네발낙지,"서울특별시 영등포구 여의도동 8번지 여의도한강공원 이벤트광장 일대 
, 스트라스부르와 함께하는 2017 서울 크리스마스 마켓 ",,194130.2127,447430.465
푸드캠프,"서울특별시 영등포구 여의도동 8번지 여의도한강공원 이벤트광장 일대 
, 스트라스부르와 함께하는 2017 서울 크리스마스 마켓 ",,194130.2127,447430.465
쿠킹홀리데이,서울특별시 마포구 성산동 661번지 ,,190726.8216,452316.9264
88's TRUCK(88트럭),서울특별시 은평구 증산동 184-9번지 증산종합시장 야시장 ,,191614.1555,453550.412
꼬꼬,서울특별시 송파구 잠실동 10번지 ,,206769.6608,446304.7841
칠링키친(98도9900),서울특별시 마포구 신수동 81-29번지 서강대학교최양업관마당 ,,195027.3936,450464.8926
청년상회,서울특별시 마포구 신수동 1-1번지 서강대학교최양업관마당 ,,195027.3936,450464.8926
꼬치전쟁,서울특별시 중구 무교동 45번지 서울광장 ,,198122.002,452035.3857
마이츄,서울특별시 중구 무교동 45번지 서울광장 ,,198122.002,452035.3857
형이야,서울특별시 영등포구 여의도동 8번지 여의도 한강공원 (98도9290) ,,194130.2127,447430.465
나이스챕,서울특별시 중구 서소문동 37번지 서울시립미술관 ,,197676.3601,451619.4185
자메이카와사비,서울특별시 중구 장충동2가 201번지 반얀트리호텔내 아이스링크장 ,,200203.9716,450131.4997
함앤박스,서울특별시 영등포구 여의도동 8번지 여의도 한강공원 이벤트광장(97소8240) ,,194130.2127,447430.465
아임스테이크,서울특별시 영등포구 여의도동 8번지 여의도 한강공원 (87두9368) ,,194130.2127,447430.465
인초록,서울특별시 영등포구 여의도동 8번지 한강사업본부 여의도안내센터 ,,194130.2127,447430.465
브라더스테이크,"서울특별시 영등포구 여의도동 8번지 여의도한강공원 이벤트광장 일대 
, 스트라스부르와 함께하는 2017 서울 크리스마스 마켓 ",,194130.2127,447430.465
거북이네,서울특별시 서초구 서초동 1446-1번지 서울남부터미널 ,,201461.013,442787.9525
빅스모크바비큐앤프라이즈,서울특별시 강동구 상일동 477번지 강동아트센터 ,,213903.5998,450200.5869
칸쵸 스테이크,서울특별시 중구 다동 13번지 청계천 보행자 전용거리(광통교 일대) ,,198333.0286,451838.5472
오빠탕수육,서울특별시 종로구 서린동 93-2번지 청계천보행자전용거리(무교동사거리~광교사거리) ,010-8637-2988,198196.0707,451877.6383
기브앤테이크,서울특별시 서초구 잠원동 122-1번지 달빛공원 ,,200081.0118,445654.3558
용용,서울특별시 서초구 잠원동 122-1번지 달빛공원 ,,200081.0118,445654.3558
얼음소반(SNOW FLAKE),서울특별시 서초구 잠원동 122-1번지 달빛공원 ,,200081.0118,445654.3558
쉬림프 핏,서울특별시 서초구 잠원동 122-1번지 ,,200081.0118,445654.3558
타베르나,서울특별시 서초구 잠원동 122-1번지 ,,200081.0118,445654.3558
UMkitchen(움키친),서울특별시 서초구 잠원동 122-1번지 반포 한강공원 달빛광장 ,,200081.0118,445654.3558
쿠쿠네 Food,서울특별시 서초구 잠원동 122-1번지 반포 한강공원 달빛광장 ,,200081.0118,445654.3558
꺼야꺼야,서울특별시 서초구 잠원동 122-1번지 ,,200081.0118,445654.3558
로드난케밥,서울특별시 서초구 잠원동 122-1번지 달빛공원 ,,200081.0118,445654.3558
새우시장,서울특별시 서초구 잠원동 122-1번지 ,,200081.0118,445654.3558
베이징 쿡,서울특별시 서초구 잠원동 122-1번지 ,,200081.0118,445654.3558
니하오(NIHAO),서울특별시 중구 을지로7가 2-1번지 DDP 팔거리광장 ,,201010.2625,451995.1631
두놈,서울특별시 중구 을지로7가 2-1번지 DDP 팔거리광장 ,,201010.2625,451995.1631
ASAP PIZZA,서울특별시 중구 을지로7가 2-1번지 DDP 팔거리광장 ,,201010.2625,451995.1631
크리미요기,서울특별시 중구 을지로7가 2-1번지 DDP 팔거리광장 ,,201010.2625,451995.1631
바베큐포크(BBQ Pork),서울특별시 서초구 잠원동 122-1번지 ,,200081.0118,445654.3558
돈블랙,서울특별시 서초구 잠원동 122-1번지 달빛공원 ,,200081.0118,445654.3558
푸드메이커스,서울특별시 서초구 잠원동 122-1번지 ,,200081.0118,445654.3558
엔제리너스 카페 앤 다이닝 석촌호수D/I,서울특별시 송파구 신천동 32번지 송파관광정보센터 ,,209174.1108,445816.7874
찾아가는 바베큐,서울특별시 송파구 잠실동 47번지 서울놀이마당 ,,208668.7695,445597.0262
더 버스커즈,서울특별시 서초구 서초동 1318-8번지 앞 ,,202373.6086,444312.0864
푸드트럭 팩토리 고양점,서울특별시 송파구 잠실동 10번지 ,,206769.6608,446304.7841
푸드트럭 팩토리,서울특별시 송파구 잠실동 10번지 ,,206769.6608,446304.7841
Chef on the Road,서울특별시 서초구 반포동 115-5번지 달빛광장 외 1개소 ,,199357.3203,445358.0705
츄앤츄 츄러스,서울특별시 중구 태평로2가 360-1번지 ,,197935.0533,451685.6482
예쁜 할머니네,"서울특별시 서초구 서초동 1318-8번지 강남역 9,10번출구 외 2개소 ",,202373.6086,444312.0864
HIVE CLUB,서울특별시 영등포구 여의도동 8번지 여의도 한강공원(97보9960) ,,194130.2127,447430.465
미스터쿡,서울특별시 영등포구 여의도동 8번지 여의도 한강공원(80부5136) ,,194130.2127,447430.465
차이나쉬림프,서울특별시 영등포구 여의도동 8번지 여의도 한강공원(936두7188) ,,194130.2127,447430.465
커피스테이션,서울특별시 영등포구 여의도동 8번지 여의도 한강공원(95부9612) ,,194130.2127,447430.465
환상의 떡볶이,서울특별시 서초구 서초동 1318-8번지 강남역 9번 10번 출구 외 2개소 ,,202373.6086,444312.0864
처비웨이코리아,서울특별시 영등포구 여의도동 85번지 여의도한강공원 녹음수광장(99라4569) ,,194300.9937,446999.1462
레스토랑,서울특별시 은평구 녹번동 5번지 서울혁신파크 야외광장 ,,194290.1028,456660.6503
아레카,서울특별시 양천구 목동 914번지 목동운동장 내 ,,189660.5929,447921.3792
욜로(YOLO),서울특별시 마포구 성산동 661번지 ,,190726.8216,452316.9264
밋츠인박스,서울특별시 양천구 목동 914번지 목동운동장 내 ,,189660.5929,447921.3792
사요라멘트럭,서울특별시 강남구 수서동 735번지 ,,208767.7448,442863.5528
two평,서울특별시 서초구 서초동 1309-8번지 ,,202177.2741,444709.785
젤라또베어,서울특별시 영등포구 여의도동 85-6번지 여의도한강공원 이벤트광장(92모6651) ,,194122.0735,447326.1977
프로그릴러,서울특별시 강남구 삼성동 159번지 ,,205230.342,445818.0717
멕시칼리(MEXICALI),"서울특별시 영등포구 여의도동 8번지 여의도한강공원 이벤트광장 일대 
, 스트라스부르와 함께하는 2017 서울 크리스마스 마켓 ",,194130.2127,447430.465
리버풀야채곱창,서울특별시 영등포구 여의도동 8번지 한강사업본부 여의도안내센터 ,,194130.2127,447430.465
팝pop닭꼬치양꼬치,,,190726.8216,452316.9264
카쏠래푸드트럭,서울특별시 마포구 성산동 661번지 ,,190726.8216,452316.9264
엉클스크레페,서울특별시 마포구 성산동 533-1번지 ,,191031.1379,451745.2809
맛난쌀핫도그,서울특별시 마포구 성산동 533-1번지 ,,191031.1379,451745.2809
로스타,"서울특별시 영등포구 여의도동 8번지 여의도한강공원 이벤트광장 일대 
, 스트라스부르와 함께하는 2017 서울 크리스마스 마켓 ",,194130.2127,447430.465
오버도즈커피,"서울특별시 영등포구 여의도동 8번지 여의도한강공원 이벤트광장 일대 
, 스트라스부르와 함께하는 2017 서울 크리스마스 마켓 ",,194130.2127,447430.465
와사바리,"서울특별시 영등포구 여의도동 8번지 여의도한강공원 이벤트광장 일대 
, 스트라스부르와 함께하는 2017 서울 크리스마스 마켓 ",,194130.2127,447430.465
즐잼,"서울특별시 영등포구 여의도동 8번지 여의도한강공원 이벤트광장 일대 
, 스트라스부르와 함께하는 2017 서울 크리스마스 마켓 ",,194130.2127,447430.465
Ya!먹자,서울특별시 종로구 세종로 1-68번지 ,,197949.4258,452453.6342
레스토랑,서울특별시 강남구 삼성동 159-1번지 ,,205230.342,445818.0717
청년 스테이크,서울특별시 서초구 반포동 115-5번지 반포한강공원 ,,199357.3203,445358.0705
아임레디(I'm Reddy),서울특별시 마포구 성산동 533-1번지 ,,191031.1379,451745.2809
알앤컵,서울특별시 마포구 성산동 533-1번지 ,,191031.1379,451745.2809
브라더또띠아,서울특별시 강북구 번동 83-2번지 ,,203913.1666,458222.0238
리틀하바나,서울특별시 강북구 번동 83-2번지 ,,203913.1666,458222.0238
핫플,"서울특별시 서초구 서초동 1318-11번지 강남역 9,10번 출구 외 2개소 ",,202324.7131,443985.0949
청춘 소불고기 샌드위치,"서울특별시 서초구 서초동 1318-11번지 강남역 9,10번 출구 외 2개소 ",,202324.7131,443985.0949
크리미요기,서울특별시 영등포구 여의도동 8번지 여의도한강공원 물빛광장(96무9292) ,,194130.2127,447430.465
꼬치함보자,서울특별시 영등포구 여의도동 8번지 여의도한강공원 물빛광장(87마7695) ,,194130.2127,447430.465
소극장,서울특별시 영등포구 여의도동 8번지 여의도한강공원 물빛광장(80마8232) ,,194130.2127,447430.465
길보드커피(87고6500),서울특별시 마포구 성산동 390-1번지 ,,190980.1338,451531.5905
THE FILL(더필),서울특별시 서초구 반포동 115-5번지 반포한강공원 달빛광장 ,,199357.3203,445358.0705
뚜레쥬르(87조 2992),서울특별시 서대문구 신촌동 134번지 연세대학교 대강당앞 ,02-1577-0700,195227.1686,452804.3756
추억의 국민학교 떡볶이,서울특별시 중구 태평로2가 360-1번지 세종대로사거리 ,070-5015-5062,197935.0533,451685.6482
토시킹,서울특별시 서초구 반포동 115-5번지 반포한강공원 ,,199357.3203,445358.0705
고인돌떡갈비,서울특별시 노원구 하계동 21번지 서울시립과학관 푸드트럭 3번 ,,206694,459948
푸드트럭한끼,서울특별시 중랑구 묵동 378번지 ,,206520.7836,457249.1803
차군식당,서울특별시 서초구 반포동 115-5번지 ,,199357.3203,445358.0705
별담은 달그릇,서울특별시 중랑구 묵동 378번지 ,,206520.7836,457249.1803
바깥부엌,서울특별시 종로구 서린동 43-3번지 청계천로 보행전용도로 ,,198332.8847,451862.2444
Veteran(베테랑),서울특별시 종로구 서린동 43-3번지 청계천로보행전용거리(무교동사거리~광교사거리) ,,198332.8847,451862.2444
Rollick food(롤릭푸드),서울특별시 은평구 녹번동 5-29번지 서울혁신센터 ,,194290.1028,456660.6503
올스테이블,서울특별시 영등포구 여의도동 85번지 여의도한강공원 녹음수광장(81두6452) ,,194300.9937,446999.1462
풀잎채,서울특별시 영등포구 여의도동 85-1번지 이랜드크루즈 선착장 앞 둔치(82수3957) ,,194555.7344,447370.9494
GRAB A BITE,서울특별시 중구 장충동2가 산 14-67번지 국립중앙극장 문화광장 ,,200043.442,450497.4019
쏭앤,서울특별시 송파구 잠실동 1-1번지 ,,207667.9385,446464.0979
인디커피 푸드트럭,서울특별시 송파구 잠실동 1-1번지 ,,207667.9385,446464.0979
런던솜사탕,서울특별시 영등포구 여의도동 85-1번지 한강아라호 선착장 일대(90너9909) ,,194555.7344,447370.9494
레커(Lecker),서울특별시 노원구 하계동 21번지 서울시립과학관 푸드트럭 3호 ,,206694,459948
타파스트럭,서울특별시 종로구 세종로 76-2번지 광화문시민열린마당 ,,198023.4716,452546.2473
솔이네,"서울특별시 서초구 서초동 1318-11번지 강남역 9번,10번 출구 앞 ",,202324.7131,443985.0949
아이홉푸드트럭(I'HOP Food Truck),서울특별시 강남구 삼성동 159번지 ,02-415-7942,205230.342,445818.0717
오센,서울특별시 마포구 성산동 533-1번지 마포농수산물시장내 ,,191031.1379,451745.2809
(주)한평의꿈,서울특별시 마포구 성산동 533-1번지 ,,191031.1379,451745.2809
청정구역,서울특별시 마포구 성산동 533-1번지 ,,191031.1379,451745.2809
K-이지스테이크,서울특별시 서초구 양재동 25번지 서초문화예술회관 주차장 ,,203180.3206,442488.398
푸드트럭키(Food t Lucky),서울특별시 강남구 삼성동 159번지 ,,205230.342,445818.0717
폰버거(pornburger),서울특별시 양천구 목동 917-6번지 행복한세상백화점 ,,189040.2902,447745.9011
쉬림프온더스트리트,서울특별시 종로구 세종로 1-68번지 ,,197949.4258,452453.6342
쿡스테이크,서울특별시 종로구 세종로 1-68번지 ,,197949.4258,452453.6342
미스터와플,서울특별시 영등포구 여의도동 8번지 여의도한강공원 물빛광장 일대(푸드트럭의날) 99부1360 ,,194130.2127,447430.465
베를린트럭,"서울특별시 영등포구 여의도동 8번지 여의도한강공원 물빛광장 일대(푸드트럭의날)
80주8650 ",,194130.2127,447430.465
쭈너니 딱 좋아,서울특별시 서초구 반포동 115-5번지 잠수교 일대 ,,199357.3203,445358.0705
샌드랑,서울특별시 강남구 일원동 580번지 탄천물재생센터(마루공원) ,,207343.0742,444284.2079
Baby Bear(베이비 베어),서울특별시 서초구 잠원동 69-2번지 반포쇼핑타운 4동 앞 ,,200430.4506,445230.5851
대용이네 호두과자,서울특별시 서초구 잠원동 69-2번지 반포쇼핑타운 4동앞 ,,200430.4506,445230.5851
필살샌드위치,서울특별시 마포구 성산동 661번지 ,,190726.8216,452316.9264
오븐에퐁당빠진닭꼬치,"서울특별시 영등포구 여의도동 8번지 여의도한강공원 물빛광장 일대(푸드트럭의날)
90어5538 ",,194130.2127,447430.465
존스트럭,서울특별시 서초구 반포동 115-5번지 잠수교 ,,199357.3203,445358.0705
베가스,서울특별시 서초구 반포동 115-5번지 잠수교일대 ,,199357.3203,445358.0705
청춘히어로,서울특별시 강남구 삼성동 159번지 ,,205230.342,445818.0717
욱대장,서울특별시 영등포구 여의도동 8번지 여의도한강공원 물빛광장(94라3220) ,,194130.2127,447430.465
오늘모히또,서울특별시 영등포구 여의도동 8번지 여의도한강공원 물빛광장(80도9541) ,,194130.2127,447430.465
쉬림프킹,서울특별시 영등포구 여의도동 8번지 여의도한강공원 물빛광장(83우7487) ,,194130.2127,447430.465
홈런버거,서울특별시 영등포구 여의도동 8번지 여의도한강공원 물빛광장(80주8485) ,,194130.2127,447430.465
만신튀신,서울특별시 영등포구 여의도동 8번지 여의도한강공원 물빛광장(97누3368) ,,194130.2127,447430.465
용셰프트럭,서울특별시 영등포구 여의도동 8번지 여의도한강공원 물빛광장(88보8976) ,,194130.2127,447430.465
육공방 푸드트럭,서울특별시 중구 무교동 45번지 청계광장 ,,198122.002,452035.3857
밥앤밥,서울특별시 영등포구 여의도동 8번지 ,02-566-0450,194130.2127,447430.465
지져스(스튜럭),서울특별시 영등포구 여의도동 8번지 ,,194130.2127,447430.465
존쿡델리미트,서울특별시 영등포구 여의도동 8번지 ,,194130.2127,447430.465
빜아일랜드,서울특별시 중구 을지로7가 2-1번지 DDP 팔거리광장 ,,201010.2625,451995.1631
소테이크,서울특별시 강남구 삼성동 159번지 ,,205230.342,445818.0717
쉬즈카페,서울특별시 중구 신당동 821번지 다산성곽길 초입~토끼굴600m구간 ,,200737.1699,450898.698
삐삣버거,서울특별시 강남구 삼성동 159번지 ,,205230.342,445818.0717
Truck 207,서울특별시 중구 신당동 821번지 다산성곽길초입~토끼굴600m구간 ,,200737.1699,450898.698
팜키친,서울특별시 강남구 삼성동 159번지 ,,205230.342,445818.0717
핍스,서울특별시 영등포구 여의도동 8번지 여의도한강공원 물빛광장 ,,194130.2127,447430.465
쥬꼬면,서울특별시 서초구 반포동 115-5번지 반포한강공원 ,,199357.3203,445358.0705
듀피에,서울특별시 서초구 반포동 115-5번지 반포한강공원 ,,199357.3203,445358.0705
스테이크아웃,서울특별시 송파구 잠실동 10번지 ,,206769.6608,446304.7841
달리는프레젠또,서울특별시 은평구 녹번동 5-29번지 서울혁신센터 ,,194290.1028,456660.6503
미각여행,서울특별시 은평구 녹번동 5-29번지 서울혁신센터 ,,194290.1028,456660.6503
본스테이크,서울특별시 서초구 양재동 25번지 서초문화예술회관 앞 ,,203180.3206,442488.398
케르반 예술의전당,서울특별시 서초구 서초동 700번지 예술의전당 야외광장 ,,201257.3389,442311.1285
오빠꼬치,서울특별시 서초구 반포동 115-5번지 달빛광장 ,,199357.3203,445358.0705
포지타노(positano),서울특별시 서초구 반포동 115-5번지 ,,199357.3203,445358.0705
얼룩맛차,서울특별시 서초구 양재동 25번지 서초문화예술회관 앞 ,,203180.3206,442488.398
쿡스맨,서울특별시 서초구 반포동 115-5번지 ,,199357.3203,445358.0705
함박웃음,서울특별시 서초구 반포동 115-5번지 달빛공원 ,,199357.3203,445358.0705
꽃보다꼬치,서울특별시 금천구 가산동 707번지 안양천어린이물놀이장 ,,189790.6251,440367.5131
HoCar(호카),서울특별시 금천구 가산동 707번지 안양천어린이물놀이장 ,,189790.6251,440367.5131
웍커(WOKER),서울특별시 영등포구 여의도동 85-1번지 한강아라호 선착장 일대(85버1510) ,,194555.7344,447370.9494
핫독킹,서울특별시 영등포구 여의도동 84번지 마포대교남단하부(83다1984) ,,193737.7525,447530.7981
도쿄 스테이크,서울특별시 중구 태평로1가 31번지 ,,198089.5898,451906.659
랩이나 잘싸라고,서울특별시 중구 필동2가 84-1번지 남산골 한옥마을 내 ,,199549.501,451119.8286
매직킹,서울특별시 송파구 오금동 143-3번지 ,,212299.6416,444545.7026
개새푸드,서울특별시 영등포구 여의도동 85-1번지 2017한강몽땅여름축제(문화유람선 아라) ,,194555.7344,447370.9494
겹겹이쿡샌드,서울특별시 양천구 목동 917-6번지 행복한세상백화점 ,,189040.2902,447745.9011
밥(BOP),서울특별시 양천구 목동 917-6번지 행복한세상백화점 ,,189040.2902,447745.9011
스테이크 트럭,서울특별시 서초구 서초동 700번지 예술의전당 계단광장 ,,201257.3389,442311.1285
타이거어퍼컷,서울특별시 영등포구 여의도동 85-1번지 한강아라호 선착장 일대 ,,194555.7344,447370.9494
헝그리베어,서울특별시 강남구 삼성동 159번지 ,,205230.342,445818.0717
헝그리베어,서울특별시 마포구 상암동 482-139번지 (난지한강공원 젊음의광장) ,,189147.2046,451601.6414
푸드트럭키,서울특별시 강남구 삼성동 159번지 ,,205230.342,445818.0717
코카인(KORCAINE),서울특별시 영등포구 여의도동 85-1번지 이랜드크루즈 선착장 앞 둔치(82너1241) ,,194555.7344,447370.9494
미쿡스테이크(83두8318),서울특별시 마포구 상암동 487-105번지 난지한강공원잔디마당뒤주차장사이 ,,189659.394,451263.2827
코끼리떡볶기,서울특별시 종로구 세종로 1-68번지 ,,197949.4258,452453.6342
MADRUSH(메드러쉬),서울특별시 서초구 반포동 115-5번지 반포한강공원 달빛광장 ,,199357.3203,445358.0705
치킨집,서울특별시 서초구 반포동 115-5번지 반포한강공원 달빛광장 ,,199357.3203,445358.0705
Gorilla Drink(고릴라 드링크),서울특별시 서초구 양재동 25번지 서초문화예술회관 주차장 ,,203180.3206,442488.398
Grab N Go(그랩앤고),서울특별시 서초구 반포동 115-5번지 반포한강공원 달빛광장 ,,199357.3203,445358.0705
미쿡스테이크,서울특별시 영등포구 여의도동 8번지 멀티플라자일대 ,,194130.2127,447430.465
